k,kh_crit,h_crit
6.000000000000000000e+00,1.210024652398468348e+00,2.016707753997447339e-01
7.000000000000000000e+00,1.004939439045342109e+00,1.435627770064774322e-01
8.000000000000000000e+00,8.984643379347546643e-01,1.123080422418443330e-01
9.000000000000000000e+00,7.459482609208393233e-01,8.288314010231548346e-02
1.000000000000000000e+01,6.870522233951302793e-01,6.870522233951302515e-02
1.100000000000000000e+01,6.163432186102471011e-01,5.603120169184064303e-02
1.200000000000000000e+01,5.546057710157985543e-01,4.621714758464987721e-02
1.300000000000000000e+01,5.015903655534306171e-01,3.858387427334081937e-02
1.400000000000000000e+01,4.596832553052869197e-01,3.283451823609192383e-02
