k,kh,ratio,rel_best,rel_fem
6.000000000000000000e+00,1.371090835065822855e+00,1.233403173099326233e+00,1.967793964827123376e-01,2.427083320223478169e-01
6.000000000000000000e+00,1.206332431887624068e+00,1.199183129928460767e+00,1.832860281348235032e-01,2.197935128908735936e-01
6.000000000000000000e+00,1.188675934438963910e+00,1.192859726404325693e+00,1.734499222344869640e-01,2.069014267814817121e-01
6.000000000000000000e+00,1.121902220165819086e+00,1.176813439162740504e+00,1.651454784849253621e-01,1.943454184980213661e-01
6.000000000000000000e+00,1.059391778280938112e+00,1.157407617920314324e+00,1.533540889488769210e-01,1.774931907886596327e-01
6.000000000000000000e+00,1.027019684724617132e+00,1.138123973050984450e+00,1.438343622700021529e-01,1.637013358479894598e-01
6.000000000000000000e+00,9.224805421677932937e-01,1.129021010602890396e+00,1.363093457349602022e-01,1.538961152763035634e-01
6.000000000000000000e+00,8.956314623062295865e-01,1.119187596720948585e+00,1.298050701082434921e-01,1.452762244566392635e-01
6.000000000000000000e+00,8.329932948679528160e-01,1.106016444974497359e+00,1.216386276231117974e-01,1.345343224952907923e-01
6.000000000000000000e+00,7.686413519419230678e-01,1.094014462745664273e+00,1.140516213395694062e-01,1.247741232450809701e-01
6.000000000000000000e+00,7.306250588349441077e-01,1.084913363019139876e+00,1.084595313313507919e-01,1.176691948881755656e-01
6.000000000000000000e+00,7.140491200021535922e-01,1.077239324656458885e+00,1.018411238140350811e-01,1.097072634396859536e-01
6.000000000000000000e+00,6.774668474020423270e-01,1.069283281774835670e+00,9.666825444561580327e-02,1.033657483570529084e-01
6.000000000000000000e+00,6.293706004191189640e-01,1.062502329977928373e+00,9.124602161236249065e-02,9.694911056435154273e-02
6.000000000000000000e+00,6.096698310304132784e-01,1.056603523706870940e+00,8.632958791006628552e-02,9.121614678593811809e-02
6.000000000000000000e+00,5.634045520075310343e-01,1.049147211719534845e+00,8.077992548672967288e-02,8.475003358731422742e-02
6.000000000000000000e+00,5.202275887802242371e-01,1.045248445628558454e+00,7.681790239145773469e-02,8.029379307111753072e-02
6.000000000000000000e+00,5.200299002000534632e-01,1.039886929701409723e+00,7.215911728864854435e-02,7.503732292725664998e-02
6.000000000000000000e+00,4.871131744684547016e-01,1.035990342439161216e+00,6.835091843526580613e-02,7.081089139578219949e-02
6.000000000000000000e+00,4.433934842399115395e-01,1.032161405999338477e+00,6.455153930296538001e-02,6.662760756637031712e-02
6.000000000000000000e+00,4.232679403507981775e-01,1.028559743848175501e+00,6.059814274380716931e-02,6.232881017824547232e-02
6.000000000000000000e+00,4.113067426387485570e-01,1.025804917492797230e+00,5.757918896627903932e-02,5.906501518685604996e-02
6.000000000000000000e+00,3.902847166368442755e-01,1.022904883493380046e+00,5.403412504772239083e-02,5.527177038660720243e-02
6.000000000000000000e+00,3.576501300137504002e-01,1.020279427847414988e+00,5.100012443993753170e-02,5.203437778372643069e-02
6.000000000000000000e+00,3.232380859428508613e-01,1.018198998207987760e+00,4.837551676464809519e-02,4.925590270755840494e-02
7.000000000000000000e+00,1.319744691147231919e+00,1.289962045468086682e+00,1.940813639659768608e-01,2.503575932487877020e-01
7.000000000000000000e+00,1.232246598816035599e+00,1.259728820757824552e+00,1.804720017377297869e-01,2.273457819288744186e-01
7.000000000000000000e+00,1.199526467856589118e+00,1.234409820725174134e+00,1.686320152761581759e-01,2.081610157455672516e-01
7.000000000000000000e+00,1.113923317256418910e+00,1.219569416564575182e+00,1.589776283563874848e-01,1.938842534614193258e-01
7.000000000000000000e+00,1.006042657383965144e+00,1.200690798011181171e+00,1.502760131937509736e-01,1.804350262035436525e-01
7.000000000000000000e+00,9.810596405082682159e-01,1.184858450749518788e+00,1.427570179794872829e-01,1.691468591567964752e-01
7.000000000000000000e+00,9.353819899467117338e-01,1.166514228842217671e+00,1.337916247008867909e-01,1.560698339135023205e-01
7.000000000000000000e+00,9.188801946063017700e-01,1.150059552797959350e+00,1.275168129596196409e-01,1.466519288865612003e-01
7.000000000000000000e+00,8.416776023876249013e-01,1.134830077365767131e+00,1.196654585529434156e-01,1.357999615876467614e-01
7.000000000000000000e+00,8.058081237419928433e-01,1.124740057945804006e+00,1.123233358397213721e-01,1.263345552610342093e-01
7.000000000000000000e+00,7.304470193930702182e-01,1.110487177717601748e+00,1.060056106264480186e-01,1.177178713667952764e-01
7.000000000000000000e+00,6.986587048548927870e-01,1.100475827653917493e+00,1.001888450022997423e-01,1.102554021255958694e-01
7.000000000000000000e+00,6.577665342123701908e-01,1.091558811606142543e+00,9.488791181025327259e-02,1.035757362513885227e-01
7.000000000000000000e+00,6.097352550732464405e-01,1.082420437956055581e+00,8.897431858148362183e-02,9.630762088581112934e-02
7.000000000000000000e+00,5.863124105261717789e-01,1.074668373088875084e+00,8.468267334322693296e-02,9.100579079058233878e-02
7.000000000000000000e+00,5.567278064894660705e-01,1.067092887942252988e+00,7.957970589980904730e-02,8.491893819022239276e-02
7.000000000000000000e+00,5.221665753410803523e-01,1.059985069916187239e+00,7.531038372342017950e-02,7.982788235648444197e-02
7.000000000000000000e+00,5.101683008494293237e-01,1.054157362985555402e+00,7.107031634402040388e-02,7.491929726376177212e-02
7.000000000000000000e+00,4.805026135350646266e-01,1.048078603145973675e+00,6.676603421997966137e-02,6.997605188287255029e-02
7.000000000000000000e+00,4.422213830104457788e-01,1.043414119098022175e+00,6.334842543963543904e-02,6.609864152634394030e-02
7.000000000000000000e+00,4.204719996792996572e-01,1.039118415984937149e+00,5.979414758161205601e-02,6.213319992017429100e-02
7.000000000000000000e+00,4.141138571118507250e-01,1.034091774903731942e+00,5.623296581226255170e-02,5.815004742490345602e-02
7.000000000000000000e+00,3.846536945329132040e-01,1.030542378263650027e+00,5.316757976583174478e-02,5.479144409840256552e-02
7.000000000000000000e+00,3.586981429261675292e-01,1.027504120625202466e+00,5.009190612497819300e-02,5.146963995338591641e-02
7.000000000000000000e+00,3.367513755658231300e-01,1.024833344579149985e+00,4.751536248689010311e-02,4.869532785633026717e-02
8.000000000000000000e+00,1.309808966089827775e+00,1.363506831264684305e+00,1.899364039279535232e-01,2.589795842616130495e-01
8.000000000000000000e+00,1.254833118135825210e+00,1.336721437556112280e+00,1.769597897544753495e-01,2.365459445502297031e-01
8.000000000000000000e+00,1.191389896994577979e+00,1.322144435752821146e+00,1.695136428953032959e-01,2.241215197382159796e-01
8.000000000000000000e+00,1.102086804402998332e+00,1.292622462153528273e+00,1.571958577221928555e-01,2.031948966491966546e-01
8.000000000000000000e+00,1.024855135923094407e+00,1.268959840186739241e+00,1.488043840646783300e-01,1.888267874218003961e-01
8.000000000000000000e+00,9.768812426095296875e-01,1.244279457149605861e+00,1.405064223775675247e-01,1.748292549619929470e-01
8.000000000000000000e+00,9.373113482282924291e-01,1.225367406561791217e+00,1.320332307717361486e-01,1.617892175707368041e-01
8.000000000000000000e+00,9.032891298692949933e-01,1.201198690017800663e+00,1.248347284428245885e-01,1.499513122742487659e-01
8.000000000000000000e+00,8.394737871451065647e-01,1.184800208251382658e+00,1.180513035889096674e-01,1.398672090764873643e-01
8.000000000000000000e+00,8.225723889840763636e-01,1.170067517878203178e+00,1.113875135207229861e-01,1.303309114678171399e-01
8.000000000000000000e+00,7.477982312971901413e-01,1.151525351633496452e+00,1.045314133055028211e-01,1.203705724633654800e-01
8.000000000000000000e+00,7.167237616733317385e-01,1.140814116348707996e+00,9.942176734834255736e-02,1.134217556633262403e-01
8.000000000000000000e+00,6.783455798512775248e-01,1.127400996919985632e+00,9.388822170387810251e-02,1.058496747479968081e-01
8.000000000000000000e+00,6.494146651289918193e-01,1.114575858973479106e+00,8.851608292436922987e-02,9.865788915839654449e-02
8.000000000000000000e+00,5.912010158984628561e-01,1.102583998429187861e+00,8.346138140338421607e-02,9.202318362216682646e-02
8.000000000000000000e+00,5.643572537992765925e-01,1.091809617804174293e+00,7.822246435183145830e-02,8.540403890767375716e-02
8.000000000000000000e+00,5.484089901857485128e-01,1.083059694914272342e+00,7.438627699517773306e-02,8.056477846820574162e-02
8.000000000000000000e+00,5.167270209693015648e-01,1.074258818784680436e+00,6.984023568743308319e-02,7.502648909322554016e-02
8.000000000000000000e+00,4.808663541024894572e-01,1.066442245760548468e+00,6.591824184237428386e-02,7.029799786696859509e-02
8.000000000000000000e+00,4.639792889151759248e-01,1.060199643664719860e+00,6.250305551786469738e-02,6.626571718799635635e-02
8.000000000000000000e+00,4.306125921614372132e-01,1.053709903231257572e+00,5.891219041917498955e-02,6.207635846573029970e-02
8.000000000000000000e+00,4.077554601979023197e-01,1.048012043782458491e+00,5.550641173855753313e-02,5.817138800915632596e-02
8.000000000000000000e+00,3.892535933660312142e-01,1.042757739364778224e+00,5.219150509678915223e-02,5.442309586877316224e-02
8.000000000000000000e+00,3.498580263868849016e-01,1.038818729165484234e+00,4.962428544939292974e-02,5.155063714628359273e-02
8.000000000000000000e+00,3.505092355018999406e-01,1.034487327098152942e+00,4.682735992397204366e-02,4.844231040281300055e-02
9.000000000000000000e+00,1.401564155315696336e+00,1.483592712160947347e+00,1.888168421755267723e-01,2.801272909848553372e-01
9.000000000000000000e+00,1.237015667645718242e+00,1.447479255580956137e+00,1.763452361540270574e-01,2.552560711534789806e-01
9.000000000000000000e+00,1.143242852602509352e+00,1.404661975160821141e+00,1.649868959366573018e-01,2.317508191220379321e-01
9.000000000000000000e+00,1.114059990901001829e+00,1.385450571188550084e+00,1.568647576282351519e-01,2.173283680553918240e-01
9.000000000000000000e+00,1.054475266756835117e+00,1.349407143936526721e+00,1.476182182370168183e-01,1.991970782642117355e-01
9.000000000000000000e+00,1.038681269310166799e+00,1.311663683763988342e+00,1.386300611707175223e-01,1.818360167156103935e-01
9.000000000000000000e+00,9.612076091768239072e-01,1.294979518776786520e+00,1.320597847035433203e-01,1.710147164451605306e-01
9.000000000000000000e+00,9.111567915513295590e-01,1.268502377303339701e+00,1.242633648171610899e-01,1.576283736822810255e-01
9.000000000000000000e+00,8.327135581210636239e-01,1.243249980398632104e+00,1.166797552217419542e-01,1.450621033923479020e-01
9.000000000000000000e+00,7.930564455904191012e-01,1.223051421804582262e+00,1.104107431891094421e-01,1.350380164399409000e-01
9.000000000000000000e+00,7.572524933327741126e-01,1.203460745074054872e+00,1.043371293564867019e-01,1.255656394342455351e-01
9.000000000000000000e+00,6.987669407347008033e-01,1.184965823513884242e+00,9.874600342659095586e-02,1.170106392690951763e-01
9.000000000000000000e+00,6.331115251962100565e-01,1.167232544037422937e+00,9.298791343634421613e-02,1.085385187650357297e-01
9.000000000000000000e+00,6.309680538955860785e-01,1.150648926868768962e+00,8.732188074409812095e-02,1.004768283703591225e-01
9.000000000000000000e+00,6.169596095580927031e-01,1.135730365592185764e+00,8.281183546601196543e-02,9.405191616917368824e-02
9.000000000000000000e+00,5.788102056259442074e-01,1.121479816272137331e+00,7.775758644478902859e-02,8.720356375986682007e-02
9.000000000000000000e+00,5.463557409233801287e-01,1.109196048325691741e+00,7.352290636518152289e-02,8.155131720167919929e-02
9.000000000000000000e+00,4.965378705746230081e-01,1.098785391079721618e+00,6.928493482578454432e-02,7.612927420848270010e-02
9.000000000000000000e+00,4.844279075668797008e-01,1.090478731057815898e+00,6.572882824510267730e-02,7.167588921863669860e-02
9.000000000000000000e+00,4.468222606481688786e-01,1.079975106149912767e+00,6.190051395037653864e-02,6.685101412429204915e-02
9.000000000000000000e+00,4.381498931372480587e-01,1.071250708871967161e+00,5.826959446322384911e-02,6.242134437441061029e-02
9.000000000000000000e+00,4.005999746326766031e-01,1.063904745858428535e+00,5.485390763692865601e-02,5.835933266380829987e-02
9.000000000000000000e+00,3.886494213116867824e-01,1.057986679191425416e+00,5.190811281947270428e-02,5.491809190496778348e-02
9.000000000000000000e+00,3.585326035493772712e-01,1.051792550361815959e+00,4.918460086490636374e-02,5.173199678222784037e-02
9.000000000000000000e+00,3.622961358048713554e-01,1.046346320448211742e+00,4.637578543143237864e-02,4.852513244407504617e-02
1.000000000000000000e+01,1.312080566194693265e+00,1.569458215951029523e+00,1.877369035042617540e-01,2.946452256419692106e-01
1.000000000000000000e+01,1.263488429831692850e+00,1.520728712756501677e+00,1.746034627598068434e-01,2.655244991655488218e-01
1.000000000000000000e+01,1.230750065027651940e+00,1.491829710678812759e+00,1.669588907872768258e-01,2.490742337384387051e-01
1.000000000000000000e+01,1.137876340705119782e+00,1.443982146331143301e+00,1.558176350845024427e-01,2.249978831455627104e-01
1.000000000000000000e+01,1.068008454640757776e+00,1.410077017306090585e+00,1.466517037253509126e-01,2.067901969718992927e-01
1.000000000000000000e+01,1.030162014421306171e+00,1.383871097697570551e+00,1.385734327597242244e-01,1.917677685049200276e-01
1.000000000000000000e+01,9.789424870397279710e-01,1.351967972039104016e+00,1.310198114290832272e-01,1.771345887547234599e-01
1.000000000000000000e+01,8.862132776375513110e-01,1.320155412590688915e+00,1.234447411148359014e-01,1.629662431386069699e-01
1.000000000000000000e+01,8.386694992405425708e-01,1.294462684568410848e+00,1.164603360719929093e-01,1.507535592774912891e-01
1.000000000000000000e+01,7.984928669406804458e-01,1.263996139870590563e+00,1.096465832020256936e-01,1.385928579173600073e-01
1.000000000000000000e+01,7.491136956761730303e-01,1.240861284845993451e+00,1.033340768665132053e-01,1.282232553889562365e-01
1.000000000000000000e+01,7.077474194593895707e-01,1.214588601431367154e+00,9.759198784991807152e-02,1.185341160335389582e-01
1.000000000000000000e+01,6.837267516839187209e-01,1.197614877200180672e+00,9.250046375616655103e-02,1.107799315423011743e-01
1.000000000000000000e+01,6.242176850834223467e-01,1.178180225866070963e+00,8.691730757888464776e-02,1.024042530749610797e-01
1.000000000000000000e+01,5.797146355406677110e-01,1.160484617833312138e+00,8.198722592355928152e-02,9.514491454311510554e-02
1.000000000000000000e+01,5.585002913252711254e-01,1.144986014863772716e+00,7.721132158321086791e-02,8.840588340192581662e-02
1.000000000000000000e+01,5.537006652493904335e-01,1.131716945165700317e+00,7.311337249219916623e-02,8.274364256763358516e-02
1.000000000000000000e+01,5.227336894075493845e-01,1.118756554672232451e+00,6.902961534313634129e-02,7.722733463163669598e-02
1.000000000000000000e+01,4.847640813133794468e-01,1.106003748789818220e+00,6.486354011062214764e-02,7.173931852212683813e-02
1.000000000000000000e+01,4.669466293878055119e-01,1.095529206506188791e+00,6.142978407470674890e-02,6.729812260320999773e-02
1.000000000000000000e+01,4.156019474879848463e-01,1.085437502413678645e+00,5.810528474630281826e-02,6.306965515206255923e-02
1.000000000000000000e+01,3.950575708823622634e-01,1.076893468341495907e+00,5.468465762459423507e-02,5.888955061441651651e-02
1.000000000000000000e+01,3.860194299976100751e-01,1.068974086583586391e+00,5.160155771340677738e-02,5.516072802297922184e-02
1.000000000000000000e+01,3.680605566579747134e-01,1.061566775410077712e+00,4.858820138998280053e-02,5.157962027253949755e-02
1.000000000000000000e+01,3.553211619184096781e-01,1.055201113556939685e+00,4.606608175798310861e-02,4.860898076822880304e-02
1.100000000000000000e+01,1.290643249514983326e+00,1.639574279971699022e+00,1.853733200904012501e-01,3.039333278131828853e-01
1.100000000000000000e+01,1.228641197566425314e+00,1.595002318471387959e+00,1.740695389449182229e-01,2.776413181923901297e-01
1.100000000000000000e+01,1.244863682700912744e+00,1.547806154211400331e+00,1.641447967036535616e-01,2.540643265196941836e-01
1.100000000000000000e+01,1.104048730769343623e+00,1.504182695146929261e+00,1.544268318379472538e-01,2.322861681170051151e-01
1.100000000000000000e+01,1.052219435634833999e+00,1.474294905012160095e+00,1.458123329153370729e-01,2.149703795050183497e-01
1.100000000000000000e+01,1.010395491899814369e+00,1.441596564197588748e+00,1.380508882781191216e-01,1.990136862261616957e-01
1.100000000000000000e+01,9.565385305662168491e-01,1.404857389819052171e+00,1.300642811655658704e-01,1.827217665469481611e-01
1.100000000000000000e+01,8.830174068361273942e-01,1.373576947986332231e+00,1.233367888704232501e-01,1.694125700310706029e-01
1.100000000000000000e+01,8.674418344539932546e-01,1.342258586515722163e+00,1.163724048123891269e-01,1.562018595929128562e-01
1.100000000000000000e+01,8.107825948818870865e-01,1.312422211296673691e+00,1.094302704096793560e-01,1.436187174738643435e-01
1.100000000000000000e+01,7.750645659239453478e-01,1.281085339375954701e+00,1.027529098987875755e-01,1.316352464495551822e-01
1.100000000000000000e+01,7.241532633222879101e-01,1.254517645484340305e+00,9.681030600869025560e-02,1.214502371526405833e-01
1.100000000000000000e+01,6.527309012736974836e-01,1.234368548396618026e+00,9.200260287120225200e-02,1.135651193548364440e-01
1.100000000000000000e+01,6.360350830873364725e-01,1.209594868994316119e+00,8.625373537575140026e-02,1.043320757421024314e-01
1.100000000000000000e+01,5.969663836035827842e-01,1.190254590691041114e+00,8.153338209345591114e-02,9.704548233130262658e-02
1.100000000000000000e+01,5.752215820910738797e-01,1.173303989112659540e+00,7.702924456513998708e-02,9.037871992661340725e-02
1.100000000000000000e+01,5.285593252288434130e-01,1.157007248979945890e+00,7.276936284218600559e-02,8.419468031206113479e-02
1.100000000000000000e+01,5.153743252622356996e-01,1.140395484348201149e+00,6.853779025437378714e-02,7.816018651329202649e-02
1.100000000000000000e+01,4.691047896216639090e-01,1.127040428077022316e+00,6.461282064644617573e-02,7.282126104063456340e-02
1.100000000000000000e+01,4.489031768709381143e-01,1.114050868999331811e+00,6.112201871858728014e-02,6.809303806843558515e-02
1.100000000000000000e+01,4.436103169573671900e-01,1.102747624956077921e+00,5.769423893508936890e-02,6.362218495931828977e-02
1.100000000000000000e+01,3.870531019864477673e-01,1.092885436042657199e+00,5.455647031273159336e-02,5.962397184667794781e-02
1.100000000000000000e+01,3.766313906669998546e-01,1.082609233440508412e+00,5.138330304909122931e-02,5.562803832561799555e-02
1.100000000000000000e+01,3.634163631834839148e-01,1.073712141826197231e+00,4.832651228144871358e-02,5.188876300870433333e-02
1.100000000000000000e+01,3.468568534881241172e-01,1.066796639578189820e+00,4.584061945522641124e-02,4.890261879101812786e-02
1.200000000000000000e+01,1.354933694804084654e+00,1.765605651381012997e+00,1.851883771362761166e-01,3.269696452418874855e-01
1.200000000000000000e+01,1.258741200838237928e+00,1.724325466457064415e+00,1.745152329038862360e-01,3.009210603808568640e-01
1.200000000000000000e+01,1.219339662060826557e+00,1.674343502777765780e+00,1.648780811006026747e-01,2.760625438412596666e-01
1.200000000000000000e+01,1.126809104015062069e+00,1.617166487317838630e+00,1.538814593887979920e-01,2.488519391431250893e-01
1.200000000000000000e+01,1.040455177560448474e+00,1.581716476562248896e+00,1.462460648968024191e-01,2.313198104796642951e-01
1.200000000000000000e+01,1.040059800400106926e+00,1.533530607488097441e+00,1.372383073565843770e-01,2.104591448511810847e-01
1.200000000000000000e+01,9.742263489369094032e-01,1.496431339986536102e+00,1.299055702876513452e-01,1.943947666172652355e-01
1.200000000000000000e+01,8.867869684798230789e-01,1.453657133708761373e+00,1.225140173947325550e-01,1.780933753651722518e-01
1.200000000000000000e+01,8.465358807015963549e-01,1.412734349307571913e+00,1.149439199729213601e-01,1.623852239898066763e-01
1.200000000000000000e+01,8.226134852774971140e-01,1.384303634124392612e+00,1.091928346175286973e-01,1.511560377813887524e-01
1.200000000000000000e+01,7.805694332736885510e-01,1.346148860107674095e+00,1.023691331132340898e-01,1.378040918505908097e-01
1.200000000000000000e+01,7.153002600275008005e-01,1.315863271665022483e+00,9.658844787664731812e-02,1.270971910280116468e-01
1.200000000000000000e+01,6.464761718857017225e-01,1.290846287749773502e+00,9.157404516638889547e-02,1.182080162572631959e-01
1.200000000000000000e+01,6.616307098991949243e-01,1.263052628954900225e+00,8.634004961545742318e-02,1.090520266509000247e-01
1.200000000000000000e+01,6.024698783770483512e-01,1.237427991846582476e+00,8.132719847962475990e-02,1.006365518971504974e-01
1.200000000000000000e+01,5.841991049776968925e-01,1.215363442071801581e+00,7.647833333142134427e-02,9.294897044159083910e-02
1.200000000000000000e+01,5.487973412822521047e-01,1.196888464857764456e+00,7.263633687064165179e-02,8.693759372999373958e-02
1.200000000000000000e+01,5.181992284196269560e-01,1.175908904280880352e+00,6.811365543075223461e-02,8.009545392414128828e-02
1.200000000000000000e+01,4.719166266951285160e-01,1.158989158746830395e+00,6.451840023171420690e-02,7.477612640824575496e-02
1.200000000000000000e+01,4.588288153958206550e-01,1.143559396712422238e+00,6.087805733376475820e-02,6.961767451762428116e-02
1.200000000000000000e+01,4.170060119394146669e-01,1.128501536734646038e+00,5.736780871184960634e-02,6.473966029042149684e-02
1.200000000000000000e+01,4.095643189926780892e-01,1.115550505495116917e+00,5.409138283643300654e-02,6.034166946611272536e-02
1.200000000000000000e+01,3.769101981473529372e-01,1.103055356646946761e+00,5.102350144982675806e-02,5.628174658911466732e-02
1.200000000000000000e+01,3.565084597928263044e-01,1.093226958162363927e+00,4.817419990216913195e-02,5.266533402095401745e-02
1.200000000000000000e+01,3.402160218831389304e-01,1.084110965371776203e+00,4.563530743285780511e-02,4.947373719607327247e-02
1.300000000000000000e+01,1.399661540079930822e+00,1.880316089947764890e+00,1.859853868885890660e-01,3.497113154617740860e-01
1.300000000000000000e+01,1.277810570244871657e+00,1.815088523708366042e+00,1.731293479964895188e-01,3.142450926655401267e-01
1.300000000000000000e+01,1.236188518033445094e+00,1.768489531063097919e+00,1.636907154112313134e-01,2.894853165369914993e-01
1.300000000000000000e+01,1.116754408170402169e+00,1.703188188245361445e+00,1.545810290561271672e-01,2.632805828152088301e-01
1.300000000000000000e+01,1.078211517115525986e+00,1.664967458664771138e+00,1.456755498470237720e-01,2.425450500183923275e-01
1.300000000000000000e+01,9.876101525713628648e-01,1.605028934918827366e+00,1.367167006534555918e-01,2.194342604354319604e-01
1.300000000000000000e+01,9.691276899842373727e-01,1.563372385039318857e+00,1.292133344151728536e-01,2.020085588035318847e-01
1.300000000000000000e+01,8.718186231582896184e-01,1.514088375398799702e+00,1.221534061553551376e-01,1.849510522751914021e-01
1.300000000000000000e+01,8.594749257050099400e-01,1.474551831535437785e+00,1.151177897717926002e-01,1.697471477503082748e-01
1.300000000000000000e+01,7.972467348499883144e-01,1.432980014627596166e+00,1.081403231369792856e-01,1.549629218306615430e-01
1.300000000000000000e+01,7.585130524550007802e-01,1.396496729608285303e+00,1.023848334673139598e-01,1.429800850985928629e-01
1.300000000000000000e+01,7.381192139795482721e-01,1.361366763627424259e+00,9.613306065073094764e-02,1.308723536556844758e-01
1.300000000000000000e+01,6.639198687892327033e-01,1.332427076164821367e+00,9.122279908280736538e-02,1.215477274614759629e-01
1.300000000000000000e+01,6.303015801926505901e-01,1.301098344032854515e+00,8.559821095921103795e-02,1.113716905312044231e-01
1.300000000000000000e+01,5.869589924561487981e-01,1.271866903899040446e+00,8.101386991419641526e-02,1.030388599006486217e-01
1.300000000000000000e+01,5.719823672382713386e-01,1.246975457530497877e+00,7.639580091810993512e-02,9.526368880326897826e-02
1.300000000000000000e+01,5.253925856164898267e-01,1.223645765890816417e+00,7.195933257497083568e-02,8.805273262169217852e-02
1.300000000000000000e+01,5.085473318418457511e-01,1.203291589283055352e+00,6.822049825494916342e-02,8.208915176687968385e-02
1.300000000000000000e+01,4.657389731342817529e-01,1.182278923943242965e+00,6.404766972252330659e-02,7.572221004061707728e-02
1.300000000000000000e+01,4.600135476775581989e-01,1.165704685908912852e+00,6.076894887473377471e-02,7.083864846103632429e-02
1.300000000000000000e+01,4.414921142173238722e-01,1.148383674366151075e+00,5.702390746793323251e-02,6.548532438474057027e-02
1.300000000000000000e+01,3.951685536611634908e-01,1.134212100581682758e+00,5.407764890365351212e-02,6.133552375753158897e-02
1.300000000000000000e+01,3.800884629215963706e-01,1.120240732177713028e+00,5.086853312968869778e-02,5.698500279800871454e-02
1.300000000000000000e+01,3.667638006715988053e-01,1.108025339906694162e+00,4.801138210637720394e-02,5.319782797780878147e-02
1.300000000000000000e+01,3.377389979742618786e-01,1.097118572201676079e+00,4.547954246962420538e-02,4.989645069865959737e-02
1.400000000000000000e+01,1.315533068424740382e+00,1.967586676916704747e+00,1.841404190931249241e-01,3.623122352894910247e-01
1.400000000000000000e+01,1.219470510146492881e+00,1.910541023608270494e+00,1.724011755073218133e-01,3.293795183250277647e-01
1.400000000000000000e+01,1.172624821052343558e+00,1.856002757589775731e+00,1.639082058854540169e-01,3.042140821149953434e-01
1.400000000000000000e+01,1.113455612978932141e+00,1.795876857033127827e+00,1.538022708571314123e-01,2.762099387914629944e-01
1.400000000000000000e+01,1.044333150682160705e+00,1.744412394935533905e+00,1.453997635383101616e-01,2.536371497369239725e-01
1.400000000000000000e+01,1.020336601698858647e+00,1.687954163873908398e+00,1.370448237394919222e-01,2.313253808684412605e-01
1.400000000000000000e+01,9.610052270701292532e-01,1.632268981743800751e+00,1.285480319783652847e-01,2.098249652624958328e-01
1.400000000000000000e+01,8.844427660208915576e-01,1.585266462285940703e+00,1.219062296547860635e-01,1.932538574154601396e-01
1.400000000000000000e+01,8.409439993585993145e-01,1.541782299655706456e+00,1.150058924171021707e-01,1.773140492847965488e-01
1.400000000000000000e+01,8.282277142237014500e-01,1.491676975552060247e+00,1.080350061507508452e-01,1.611533312287002362e-01
1.400000000000000000e+01,7.693073890658264080e-01,1.451331605077974096e+00,1.020911767793109270e-01,1.481681514594165305e-01
1.400000000000000000e+01,7.173962858523350583e-01,1.412219616461669380e+00,9.614114249955672820e-02,1.357724073869107095e-01
1.400000000000000000e+01,6.735027511316462601e-01,1.379872507585631070e+00,9.115203883071712476e-02,1.257781923928844581e-01
1.400000000000000000e+01,6.379387813633208282e-01,1.341107548153108953e+00,8.577283784395769994e-02,1.150306002590443244e-01
1.400000000000000000e+01,6.094627541943120619e-01,1.311089560839031609e+00,8.086563996297718715e-02,1.060220963860269983e-01
1.400000000000000000e+01,5.624728706024813008e-01,1.281155636621131411e+00,7.611196196344389986e-02,9.751126908375930269e-02
1.400000000000000000e+01,5.344994086402234945e-01,1.255396109752153988e+00,7.181712422289689146e-02,9.015893836301193398e-02
1.400000000000000000e+01,5.089315017603831537e-01,1.232700828351845912e+00,6.794437703293224051e-02,8.375508985034570142e-02
1.400000000000000000e+01,4.694830353114679555e-01,1.209466838619392304e+00,6.394477507816284656e-02,7.733908496001372368e-02
1.400000000000000000e+01,4.489005261290029414e-01,1.189347535481898976e+00,6.055325341718537091e-02,7.201886271714029453e-02
1.400000000000000000e+01,4.409878114885940614e-01,1.170961682477287491e+00,5.711494913926048328e-02,6.687941693871315985e-02
1.400000000000000000e+01,4.148363429832648830e-01,1.153113534318109368e+00,5.377181489290231570e-02,6.200500751785373993e-02
1.400000000000000000e+01,3.941526879528641225e-01,1.137952288928850475e+00,5.080756093556443309e-02,5.781658026151759167e-02
1.400000000000000000e+01,3.555070545658988723e-01,1.123719566830733152e+00,4.792965000408860865e-02,5.385948554094310142e-02
1.400000000000000000e+01,3.292754464448630625e-01,1.111784373568066142e+00,4.535078831692190837e-02,5.042029777974699201e-02
